MAE(months),MAD(months),Smaller abs error(months),Max error(months),Min error(months)
10.292304698922232,10.039521462653015,0.019287109375,37.97877502441406,-65.48594665527344
