MAE(months),MAD(months),Smaller abs error(months),Max error(months),Min error(months)
8.991663072717223,8.984119546496515,39.855926513671875,39.087135314941406,-39.855926513671875
