MAE(months),MAD(months),Max error(months),Min error(months)
8.618995311267055,7.084465026855469,37.056793212890625,-46.08763122558594
