MAE(months),MAD(months),Smaller abs error(months),Max error(months),Min error(months)
8.991663072717223,8.984119574324103,0.0159072875976562,39.087135314941406,-39.855926513671875
