MAE(months),MAD(months),Smaller abs error(months),Max error(months),Min error(months)
8.618995311267055,8.618043331315013,0.0104827880859375,37.056793212890625,-46.08763122558594
