MAE(months),MAD(months),Max error(months),Min error(months)
9.062409268067697,9.603861236572266,46.677146911621094,-52.46692657470703
