MAE(months),MAD(months),Smaller abs error(months),Max error(months),Min error(months)
11.448307111133477,11.405383464605963,0.00707244873046875,51.224761962890625,-65.3871841430664
