MAE(months),MAD(months),Smaller abs error(months),Max error(months),Min error(months)
11.456981203275971,11.445620762270375,0.012773513793945312,52.733154296875,-65.4927749633789
