MAE(months),MAD(months),Smaller abs error(months),Max error(months),Min error(months)
9.298508922145155,9.077910341622093,0.0170135498046875,41.569435119628906,-41.05961608886719
